a	6.93777370	-38.48186493	-85.82312012	-6.63512135
aː	7.49943256	-40.32828140	-86.56367493	-7.15563869
ã	5.32525158	-50.55376053	-61.52445602	-19.69207382
ãː	6.63300991	-52.73331451	-62.82284927	-20.61136627
ă	6.37610912	-36.63544846	-85.08255005	-6.11460209
ḁ	3.49643064	-34.53702545	-70.59580994	-9.24851608
a̯	10.75320339	-37.61726379	-87.79879761	1.84050834
b	40.05769730	-83.35485077	6.50401831	141.68173218
bv	-5.41514492	-124.38968658	-10.67838383	77.48986053
bʰ	39.61896515	-73.85457611	9.26529217	130.72976685
bʰː	39.93729019	-75.21715546	10.59460640	131.88967896
bʲ	4.30605984	-78.63071442	-11.82793522	130.39657593
bʷ	37.50161743	-51.84780502	0.65921247	106.40335846
bʷː	38.15022659	-52.69366837	1.15767324	107.28767395
bː	40.11557388	-85.28273010	7.38646078	142.61892700
bˠ	41.64619446	-90.24707031	8.19160748	150.15567017
bˤː	39.45373154	-90.07318878	8.77645302	146.11117554
b̥	31.37906456	-68.85336304	22.02591705	135.21112061
b̪	-9.50343418	-91.03592682	-15.52582359	132.09967041
bβ	44.33220291	-117.50281525	10.57327557	85.73263550
c	-3.26218581	-65.86125946	3.53426862	126.15586090
cç	-0.68527299	-85.77034760	19.69280434	41.60658264
cçʰ	0.99759787	-93.16286469	9.31686878	55.03696823
cʰ	-4.47395134	-56.28384018	10.21368027	116.54729462
cʼ	-5.63272810	-53.32898331	8.00459576	113.16029358
cː	-6.30076504	-50.10810852	24.47314262	105.20701599
ç	-4.47011566	-59.90430832	9.68944836	121.05208588
d	-7.30715656	-99.35408020	-17.80507851	131.64733887
dz	-4.01091480	-142.08625793	-2.17030215	92.87763977
dzː	-3.97272563	-144.21723938	-1.11149657	93.68794250
dz̪	-8.75369358	-126.75223541	-1.95989287	81.38691711
dz̪ː	-7.64170742	-128.89212036	-2.30782771	81.98542023
dð	-8.65958309	-113.91289520	-11.00598526	69.93428040
dɮ	-8.91914463	-106.94908142	-11.85312271	73.65575409
dʑ	8.12686443	-130.76182556	3.36333776	88.38191223
dʑː	8.16505909	-132.89280701	4.42214918	89.19221497
dʒ	7.78411770	-123.98652649	5.06846285	83.03874969
dʒʱ	7.63742733	-113.75322723	8.04539585	72.36512756
dʒʲ	6.24380398	-119.31002808	2.48877835	79.83563232
dʒʷ	6.58367634	-96.21837616	4.83921003	59.33445358
dʰ	-7.88260174	-89.71562958	-12.24194908	121.79087830
dʰː	-7.88938427	-91.71305084	-10.97609997	122.87016296
dʲ	-9.49355030	-91.95396423	-17.67450142	133.06108093
dː	-7.16775608	-101.19428253	-17.40602875	132.40539551
dˤ	-7.96900082	-104.14453125	-16.41507912	135.13960266
d̠	18.15041351	-83.27091980	2.06619763	136.53549194
d̥	-15.35321808	-85.54524994	-0.18181100	126.32072449
d̥ⁿ	-14.70181751	-111.76754761	5.96569109	91.26205444
d̪	-12.46405125	-82.79686737	-18.52603340	120.61994171
d̪ɮ	-12.01622486	-90.97784424	-15.14916897	62.39117432
d̪ʱ	-12.58424759	-73.98159027	-11.66017056	110.95704651
d̪ʱː	-12.75324726	-75.22499084	-11.79656792	111.90809631
d̪ʲ	1.34544015	-70.39166260	-14.82814312	118.91685486
d̪ː	-11.52149868	-84.78092194	-18.59448433	121.47274780
d̪ˠ	-10.79403019	-89.60141754	-17.32183075	128.91473389
d̪ˤ	-13.12589550	-87.58733368	-17.13603210	124.11219788
d̪̥ⁿ	-17.41562653	-96.75536346	7.00268888	81.73002625
d̪ⁿ	-13.65187645	-109.05681610	-3.85128474	90.43808746
d̼	-7.31703854	-98.43605042	-15.65639400	130.68592834
dⁿ	-11.54088116	-123.87538910	-2.71794295	101.53681946
e	19.41059113	-47.92147446	-102.06214142	-1.22616875
eː	19.95428848	-49.34792709	-102.92969513	-1.94173348
ẽ	12.62897587	-60.81300735	-76.73233032	-18.00512314
ẽː	12.82970333	-62.32538605	-77.59098053	-19.43173790
ĕ	18.84976196	-46.64329529	-101.14117432	-0.38094246
e̤	16.58580399	-42.84177780	-88.83338165	-2.83252048
e̥	15.71395779	-46.73006058	-88.34582520	-3.70352650
e̯	24.13497734	-46.22026062	-106.41884613	5.25714397
f	-22.46864319	-53.23160553	24.54054260	94.64546204
fʰ	-18.03373909	-60.85913849	8.77478313	110.11070251
fʲ	-9.01090813	-41.28675079	29.46806908	93.21166992
fʷː	-18.18850136	-24.63933182	25.36368561	63.48209000
fʼ	-20.52287483	-57.83938217	8.58099461	107.15943146
fː	-21.76764297	-55.44137955	25.51987267	95.83618927
fˠ	-20.83849335	-60.02888489	26.50423813	103.33561707
g	41.65607834	-91.16510010	6.04292250	151.11708069
gǀ	-8.33178139	-71.01100159	-17.36619186	110.15084076
gǁ	33.30995178	-59.39912033	-2.79682994	116.38482666
gǂ	6.38072872	-65.57114410	-14.01795673	121.41645813
gǃ	-5.24236870	-85.37647247	-17.84641457	121.70581818
gǃǃ	8.56712246	-72.97126007	-14.14853001	120.00273132
gɣ	46.63331223	-127.15876770	6.79820013	91.19073486
gʘ	40.39345551	-72.84423828	5.49213362	131.05868530
gʰ	41.11816406	-81.48628235	11.38347912	141.17813110
gʲ	5.98596287	-86.35327911	-12.77242184	139.65278625
gʷ	40.89958954	-55.27814484	2.20074964	115.12664795
gː	41.79547501	-93.00530243	6.44197607	151.87512207
g̊	32.55316162	-77.11991119	24.08064079	145.57885742
h	9.83102608	-9.09564400	10.25683880	70.68634033
h̃	2.37544465	-31.16489220	33.08460236	38.22018051
i	18.10560799	-47.64488983	-100.12150574	0.76131332
iː	18.68233299	-48.95174789	-101.04254913	-0.02683556
ĩ	10.69147396	-59.94650269	-74.89990234	-17.16119385
ĩː	10.99292850	-61.47997665	-75.77030945	-18.55011177
i̤	15.15403080	-42.33640671	-86.89217377	-1.30026925
i̥	14.35999584	-46.45577240	-86.76281738	-2.63665104
j	27.80234909	-35.15714264	-67.48592377	28.89937782
jː	28.43448257	-37.05443192	-67.97795105	28.95528030
j̃	21.50721741	-56.69007492	-43.62615585	9.82190704
j̊	20.20738220	-21.64749146	-51.67234039	21.64861679
k	27.72634697	-59.73862076	43.46514893	119.35012817
kx	33.09603882	-99.29578400	37.83029556	54.11948776
kʟ̝̊	28.36336517	-80.03750610	31.44516754	41.42259979
kʟ̝̊ʼ	28.26212120	-81.36758423	22.39517021	54.30970383
kʰ	32.43953705	-66.98479462	26.90537643	134.70751953
kʲ	-7.75565815	-55.84786606	28.32273674	109.54585266
kʷ	21.09590530	-32.26759720	39.37656784	86.55470276
kʷʰ	29.52515984	-34.12781143	25.86978912	100.52932739
kʷː	21.61879349	-33.23858643	40.10417557	87.63243103
kʼ	27.31525040	-63.67258835	28.50854111	131.50387573
kʼʷ	24.04595757	-31.11455917	25.00880432	97.36299133
kː	27.71956444	-61.73602676	44.73099136	120.42941284
l	9.10532093	-72.03088379	-67.79788971	76.52658081
lʱ	6.18376446	-65.26454926	-54.81374741	73.26614380
lʲ	24.16969681	-50.84172821	-74.12890625	70.70271301
lː	9.76771069	-73.89839172	-68.55022430	76.04376221
lˠ	11.15866947	-80.67172241	-70.04980469	75.05281830
l̠	32.62486649	-57.43454361	-48.83332825	73.67417908
l̠ʲ	22.28611565	-45.05553818	-71.50269318	61.65416336
l̥	2.37584043	-65.38278198	-56.37128067	62.25738907
l̩	4.46940517	-71.07992554	-65.22291565	71.27661133
l̪	7.07442093	-54.75917053	-72.30798340	61.74827576
l̪ʲ	19.96167564	-40.02633286	-70.98823547	62.04906464
l̪ː	6.89272404	-55.96793747	-73.40747070	61.61896896
l̪̥	-0.03562719	-45.18947220	-62.63046265	46.10297775
l̪̩	2.89273572	-51.77159119	-70.99709320	54.90917206
l̼	8.41855907	-69.54431915	-65.38568115	75.53766632
m	35.85685730	-109.25900269	16.28335762	106.23030090
mʰ	35.74322510	-99.12389374	19.10809898	95.35896301
mʲ	4.95774078	-106.65720367	2.30946660	104.86534119
mʷ	32.63404846	-76.19287109	14.50744534	75.51553345
mʷː	32.72214890	-78.26009369	14.75398636	76.13328552
mː	35.85007095	-111.25641632	17.54920006	107.30958557
mˠ	37.31697464	-116.28927612	18.73218155	114.98635864
mˤː	35.19959259	-116.03466034	18.87181664	110.77687073
m̥	27.23863602	-94.76834106	31.77009392	99.76681519
m̩	30.10865974	-104.20346069	16.08537292	92.67637634
n	-6.96042347	-125.11853027	-2.70855975	109.20852661
nʲ	4.67171955	-107.89347076	1.91536462	106.47701263
nː	-6.52079868	-127.32139587	-1.88342059	110.06618500
nˤ	-7.30811787	-130.79594421	-2.77979827	110.86491394
n̥	-10.36507511	-112.26566315	5.58177519	99.10205841
n̩	-11.17142391	-118.79942322	-1.58380854	99.19904327
n̪	-9.61084652	-110.21997833	-3.45706820	98.07682037
n̪ˠ	-8.94482517	-118.24165344	-2.17955089	104.26174927
n̼	-6.51283741	-124.36206818	-3.05819869	106.63057709
o	68.41091919	-8.59111786	-78.59164429	-11.59219170
oː	69.32509613	-8.91138840	-79.54109192	-12.31010818
oˤ	70.26611328	-11.12341690	-79.06742859	-11.43896389
õ	56.74261093	-23.48601723	-58.05743790	-24.01021004
õː	56.96605682	-24.96765327	-59.12416840	-25.36261749
ŏ	67.49674225	-8.27084541	-77.64221191	-10.87428474
o̤	62.32215118	-7.80406570	-67.14720154	-11.31411457
o̥	62.55699158	-8.37214851	-65.78257751	-10.33982182
o̯	73.46751404	-7.20265961	-81.56133270	-6.44663811
p	24.25848770	-55.95116043	40.96263123	108.41358185
pf	-14.21614361	-97.85306549	16.49498558	39.60017776
pfʰ	-12.71481037	-104.76681519	5.56453276	53.91236115
pfʼ	-14.03664303	-101.86823273	5.06392431	51.38986588
pɸ	31.32816505	-91.94989777	34.63278961	45.92225647
pʰ	30.85672951	-59.51635361	24.77086830	124.23842621
pʰʲ	-4.98451662	-54.90492249	11.07146740	114.84162903
pʰː	31.25865936	-60.71567154	26.11650276	125.41905975
pʲ	-7.68416977	-46.47153473	24.91548729	103.08379364
pʷ	16.42076874	-31.18068123	34.41878510	79.56044769
pʼ	25.72603035	-56.21666336	26.37278938	121.03320312
pː	24.76091766	-56.95422363	42.32788849	109.61914062
pˠ	28.01237106	-58.50235748	43.85926056	117.73845673
p̪	-21.43360138	-59.64044571	21.63264275	102.78822327
q	28.47487640	-59.31380844	43.02759933	118.88288879
qʰ	33.18806458	-66.55999756	26.46783257	134.24026489
qʷ	22.11381531	-31.79784584	39.36445999	85.51889801
qʷʰ	30.56165314	-33.63807297	25.74749947	99.45269012
qʼ	28.06377792	-63.24777985	28.07099724	131.03662109
qʼʷ	25.11977768	-30.58467674	24.66516685	96.20431519
qχ	34.31841278	-98.41666412	37.95896149	53.19197464
r	13.36727047	-92.93926239	-70.98336792	60.05562210
rʲ	27.85871506	-72.50664520	-76.11536407	52.24374771
rː	14.06634235	-94.75730133	-71.81293488	59.69882202
rˤ	13.42880726	-98.38320923	-71.87196350	60.98393250
rˤː	14.12787151	-100.20124817	-72.70152283	60.62713242
r̃	4.67108059	-107.56544495	-44.82355118	39.97981262
r̥	6.70383167	-85.93181610	-59.53950119	46.60273743
r̩	8.15649509	-92.76355743	-67.19789886	52.83029175
r̪	9.68435574	-72.22252655	-77.13127899	43.25201035
r̪ː	10.36146259	-74.25337982	-77.83035278	43.03893280
r̪ˤ	9.71586704	-77.95742798	-77.84146118	44.37681198
r̪̥	2.79959035	-64.39665222	-64.68563843	31.11559677
r̼	12.42321110	-90.46639252	-68.40112305	58.69335175
s	-17.81572914	-70.70909882	20.35136604	102.71365356
sʲ	-7.45402241	-53.21755219	30.85138130	104.30738831
sʼ	-15.70538044	-75.34635162	4.29601622	115.24703979
sː	-16.95014572	-72.94834900	21.23489189	103.92379761
sˠ	-16.39116287	-77.46956635	22.43471718	111.37954712
s̩	-19.87839508	-65.67311096	15.17015743	87.74441528
s̪	-20.55694580	-55.73446655	21.46656036	93.19224548
s̪ʲ	-7.84151268	-43.97044754	27.28609657	91.77326202
s̪ʼ	-18.44659615	-60.37172318	5.41121435	105.72563171
s̪ˠ	-20.12712288	-62.31677628	24.12894058	101.74077606
t	-19.53151894	-68.05545044	18.49591827	100.09520721
ts	-11.86989498	-114.34339142	18.73029327	48.72177505
tsʰ	-9.19262791	-120.36559296	6.46063757	67.24865723
tsʲ	-0.35535318	-98.99325562	24.47680855	46.19393158
tsʼ	-10.48710728	-117.11853027	5.66335058	64.93264771
tsː	-11.03608036	-116.78681946	19.39922523	49.44806671
ts̪	-13.62375927	-100.30820465	18.66354179	37.89633560
ts̪ʰ	-13.62862301	-94.96645355	5.45205832	47.80696106
ts̪ʲ	-1.49745536	-88.17995453	23.99498558	36.70141983
ts̪ʼ	-12.99427319	-102.83895874	5.70112467	54.01144791
ts̪ː	-12.81393147	-102.65993500	19.35180092	38.79980469
tɕ	0.89473075	-103.52613068	24.30204010	44.19552994
tɕʰ	3.64873815	-109.47772217	12.03993702	62.93727875
tɕː	1.80528760	-105.89894867	24.97852898	45.13669205
tɬ	-14.23288631	-80.10593414	11.79525852	37.94363403
tɬʰ	-14.76062489	-87.40167999	3.26123738	50.36531830
tɬʼ	-16.02197075	-84.10991669	2.39418435	48.16316223
tɬ̪	-14.40857601	-65.47547913	10.89693451	28.02357483
tɬ̪ʰ	-15.97347355	-72.30477142	1.10259664	40.29482651
tɬ̪ʼ	-16.57521820	-69.13786316	-0.94505084	37.74505234
tʃ	-0.04443437	-97.02325439	27.08830070	39.14200211
tʃʰ	2.63187337	-103.04634094	14.81854725	57.66619110
tʃʲ	-1.83287311	-92.33248138	29.34733582	40.15074921
tʃʷ	-1.95134044	-73.30362701	25.84081650	24.49945068
tʃʼ	1.33739018	-99.79926300	14.02126026	55.35018921
tʃʼː	2.24795079	-102.17208099	14.69775200	56.29134750
tʃː	0.78841513	-99.46756744	27.75713539	39.86560440
tʰ	-15.96367359	-75.32116699	2.93213010	115.39076996
tʲ	-7.29253387	-48.01083374	24.30813026	104.38079834
tʷ	-15.14971066	-36.80186081	19.85454750	65.70057678
tʷʰ	-13.91550159	-42.94611740	3.83438325	80.31040192
tʼ	-17.40370560	-72.66877747	2.39074826	112.62182617
tː	-18.66593552	-70.29470062	19.37943840	101.30535889
tˤ	-20.13708878	-72.52570343	19.32916260	103.46467590
t̠	3.72453690	-35.57187271	33.91952896	81.61711884
t̪	-20.64009666	-53.16240311	18.73278046	91.27082062
t̪ʰ	-18.32196808	-59.82178879	2.95476270	105.72093964
t̪ʰʲ	-5.12573719	-47.39891434	7.40248251	104.11560059
t̪ʰː	-17.40113831	-61.98533630	3.68065953	106.90967560
t̪ʲ	-8.10057926	-39.33663940	21.82596397	91.41217041
t̪ʷ	-12.27614021	-24.05037117	17.96254349	56.84522629
t̪ʷʰ	-12.79719830	-29.61463928	2.52058721	69.31341553
t̪ʼ	-18.53250504	-58.27265167	2.51756597	102.45623779
t̪ː	-20.33101654	-54.85145950	19.27208328	92.41687012
t̪ˠ	-21.77501106	-59.57008362	22.07975960	99.09600830
t̪ˤ	-22.67396355	-57.39384842	20.14071465	94.28149414
t̪ⁿ	-16.18064117	-78.61345673	22.15094185	57.72019577
t̼	-20.04698181	-66.68363190	19.38133430	98.46131134
tθ	-13.90619469	-88.42041779	16.11868668	32.79480743
tⁿ	-15.55457783	-93.57460785	21.83093643	65.60623169
u	67.00888062	-7.90648746	-77.12487793	-9.87182045
uː	67.92304993	-8.22675705	-78.07431030	-10.58973122
ũ	54.91198349	-24.45837593	-55.92963028	-21.84558868
ũː	55.11347580	-26.15281868	-56.86586380	-23.05427551
ṳ	60.92010498	-7.11943483	-65.68042755	-9.59374237
u̥	61.23276138	-7.91859484	-64.67399597	-9.08482265
v	-9.15492630	-85.40264130	-10.08513260	127.26244354
vʲ	4.65456581	-72.99742889	-6.38724566	125.55934906
vː	-9.01552677	-87.24284363	-9.68608570	128.02047729
v̥	-17.92011261	-70.99425507	5.95003843	120.98205566
v̩	-14.75548553	-81.13565826	-10.84790421	112.49811554
w	52.48277283	-4.35485554	-41.53747940	-6.64815331
wː	38.24024200	-40.30987167	-44.64949417	39.87361526
w̃	32.47629166	-60.24070740	-21.83376122	20.91480637
x	23.30609131	-51.82101059	44.80107880	104.84988403
xʲ	-7.83681107	-49.55329514	31.52278519	103.57941437
xʷ	18.36913681	-23.70713615	41.13114929	74.76917267
xʼ	22.73254013	-55.97760391	30.30799294	117.06659698
y	19.91201591	-27.48275185	-99.81626892	-17.27723122
yː	20.43716431	-28.69652939	-100.73706818	-18.25058365
ỹ	17.06228828	-39.30469894	-74.83963013	-29.58647919
ỹː	17.30519485	-40.66440964	-75.76654816	-31.10574913
z	-6.20530415	-104.87018585	-9.61506367	136.04354858
zʲ	4.78656197	-85.74370575	-2.04372096	137.14132690
z̥	-14.22532749	-89.46616364	4.02767897	129.31765747
z̩	-11.71930790	-100.51012421	-10.89111042	121.08898926
z̪	-11.80589104	-88.79014587	-7.70514536	125.99116516
z̪̥	-17.26448059	-74.43817902	5.31630468	119.76109314
æ	9.70813274	-51.67281723	-86.30292511	4.59538937
æː	10.32554913	-53.40675735	-86.84822083	4.38154316
æ̃	6.93456554	-63.93062973	-62.02249527	-9.52494621
æ̃ː	7.31470776	-65.94406128	-62.78092957	-10.55368423
ð	-12.11554527	-77.16358185	-13.08534527	115.78272247
ðː	-11.97614384	-79.00379181	-12.68629360	116.54076385
ð̞	10.45027828	-38.41510773	-71.00463867	18.99225998
ð̼	-6.49733257	-92.29601288	-13.00969315	124.81322479
ø	21.40834808	-28.00163841	-101.76501465	-18.78531647
øː	21.86893463	-29.20189857	-102.67826843	-19.78282928
ø̃	19.24674988	-39.85141373	-76.84661865	-30.58740807
ø̃ː	19.48966026	-41.21111679	-77.77352905	-32.10668182
ħ	25.77851295	-67.28434753	24.98595238	125.88432312
ŋ	37.03094864	-117.52555084	18.33807564	116.59803772
ŋǀ	-11.84881496	-94.30439758	-3.33600307	81.60089111
ŋǁ	32.57871628	-74.98441315	13.01158333	86.75865173
ŋǂ	2.73879170	-92.56867218	0.38908705	88.37259674
ŋǃ	-9.72457504	-109.10870361	-2.28121638	92.67050934
ŋǃǃ	3.50278687	-96.77828217	2.02319646	90.87899780
ŋʘ	38.02498627	-95.17024231	15.62919903	96.06166077
ŋʷ	34.82220078	-83.05840302	15.82745075	82.63059998
ŋː	37.02416611	-119.52296448	19.60391808	117.67731476
ŋ̊	28.35232353	-103.02405548	33.85997772	110.12742615
ŋ̊ǀ	-14.56061268	-82.11199188	5.11275053	71.51339722
ŋ̊ǁ	26.56695557	-63.14145660	23.29417801	76.90719604
ŋ̊ǂ	-1.53095317	-79.10511780	13.68398762	82.37222290
ŋ̊ǃ	-12.19310760	-97.00837708	4.04121351	80.89494324
ŋ̊ǃǃ	0.52232188	-85.24436188	9.86074162	79.47595978
ŋ̊ʘ	29.61906815	-80.29505920	30.37301064	89.48535156
ŋ̍	31.51694870	-113.16547394	17.06202888	101.64348602
œ	25.21949196	-31.07129478	-106.08860779	-18.01091576
œː	25.74464035	-32.28507233	-107.00940704	-18.98427200
œ̃	21.94581032	-42.66902542	-81.03662109	-30.18791199
œ̃ː	22.18871117	-44.02873230	-81.96353149	-31.70718002
ǀ	-15.07475185	-41.67599106	18.90707397	80.68385315
ǁ	16.29339600	-34.00688553	31.47315788	86.45423126
ǂ	-5.39918709	-34.58687210	23.59940147	94.30784607
ǃ	-16.13859177	-54.23363113	17.08515167	89.50246429
ǃǃ	-3.78948140	-40.83383179	21.30043030	90.08872223
ȡ	38.40984344	-84.95087433	5.98107290	140.18243408
ȴ	52.91626740	-59.25664139	-44.70647812	76.46380615
ȵ	33.87673569	-111.21236420	17.73063087	105.46118164
ȵ̊	27.60310555	-96.98014832	31.61598015	99.22164917
ȶ	24.57213020	-53.42543793	42.85770798	108.21327209
ɐ	60.43611908	-31.32899094	-58.08697891	14.35083008
ɐː	61.54904938	-32.05496216	-58.63577652	14.44791222
ɐ̃	50.81004333	-47.34354019	-38.08358765	-7.53012276
ɐ̃ː	51.34238815	-49.32019043	-38.86944199	-8.17739964
ɐ̯	64.23473358	-30.97579765	-58.76243973	26.29810333
ɑ	55.28147125	-18.90636253	-59.26524353	3.23248959
ɑː	56.39440918	-19.63233376	-59.81403732	3.32957172
ɑ̃	44.51129150	-34.33600235	-37.80722427	-14.76406860
ɑ̃ː	44.90865326	-36.42190170	-38.78271103	-15.49991894
ɒ	49.09647369	-2.92201018	-65.79598999	-20.77387238
ɒː	50.01065445	-3.24228191	-66.74542236	-21.49178696
ɒ̃	41.28544998	-11.91591358	-45.01436234	-27.85274887
ɒ̃ː	41.48037338	-13.62427425	-45.97017670	-29.03561020
ɓ	34.11174011	-66.36266327	10.25498104	122.07801819
ɓʲ	0.70594376	-59.51985931	-4.98525286	111.81800842
ɔ	73.19332886	-11.26926613	-82.20483398	-12.14048004
ɔː	74.13819122	-11.40831470	-82.87174988	-12.69488621
ɔ̃	62.53528595	-24.99123573	-60.50163651	-25.22821045
ɔ̃ː	62.75873566	-26.47287178	-61.56837082	-26.58062363
ɔ̯	77.44641113	-8.24548912	-82.64402771	-3.14606190
ɕ	-5.07021666	-59.53656387	26.37191582	98.97555542
ɖ	6.50233746	-86.94886017	-14.10719395	129.94424438
ɖʐ	9.75623798	-129.85250854	1.81990182	91.14980316
ɖʱ	5.85341930	-77.38943481	-8.10843182	120.24922180
ɗ	-10.85554409	-66.56710052	-12.14319229	101.83071136
ɗ̥	-16.17953873	-52.74170303	3.34059072	97.12395477
ɘ	71.12963867	-26.22618294	-77.90141296	5.17938519
ɘː	71.82050323	-27.92738533	-78.82492065	4.78855419
ɘ̃	59.71689224	-41.69859695	-53.91046524	-12.32713795
ɘ̃ː	60.34362793	-43.76528549	-54.63521194	-12.48159504
ə	58.42051315	-18.67279434	-56.88267136	1.16609085
ɛ	21.47572899	-29.69836807	-91.99125671	-19.86489487
ɛː	21.95590782	-30.77858353	-92.70501709	-20.56926727
ɛ̃	19.76995850	-42.84579849	-69.58521271	-34.31864166
ɛ̃ː	20.01286697	-44.20550156	-70.51212311	-35.83790970
ɜ	75.12017059	-38.40935516	-76.89483643	16.85685921
ɜː	75.77426147	-40.09383774	-77.51736450	16.76904297
ɜ̃	64.44320679	-54.64405441	-54.65419006	-3.55762577
ɜ̃ː	65.09189606	-56.49793625	-55.50942612	-3.85580349
ɞ	73.96257019	-10.83331299	-82.64928436	-13.54082298
ɞː	74.94656372	-11.08857918	-83.49635315	-14.32928467
ɞ̃	63.03649139	-24.84307671	-60.92186356	-27.42804527
ɞ̃ː	63.25993729	-26.32471275	-61.98859024	-28.78045464
ɞ̞	55.26269531	-3.41927862	-67.46007538	-21.30868721
ɞ̞ː	56.14680481	-3.74852824	-68.12548828	-21.69844055
ɞ̞̃	47.57382965	-13.19815922	-49.08908081	-30.00090027
ɞ̞̃ː	47.87635803	-15.25436306	-50.00668716	-31.02215767
ɟ	4.31594276	-79.54874420	-13.97661495	131.35800171
ɟʝ	9.35824680	-112.57637787	-10.50297451	76.19673920
ɠ	37.13050079	-71.07318115	12.34792805	132.77467346
ɢ	42.49180603	-90.64650726	5.08832121	150.45822144
ɢʁ	47.54684448	-126.87125397	5.48539877	90.06649780
ɢʰ	41.86669540	-81.06147766	10.94592571	140.71089172
ɣ	37.01559448	-83.55622101	7.93469572	136.65954590
ɣʷ	36.25910950	-47.66926193	4.09252310	100.66909790
ɣ̊	27.88911438	-69.53639221	26.11216164	131.17309570
ɤ	70.06535339	-25.87274551	-77.48861694	5.81728458
ɤː	70.71882629	-27.67220879	-78.36284637	5.48136616
ɤ̃	58.61927032	-41.15526962	-53.64971542	-11.83908558
ɤ̃ː	59.26796341	-43.00915527	-54.50494766	-12.13726139
ɤ̆	69.53899384	-24.53004646	-76.54190063	6.54681110
ɤ̯	76.11029053	-22.70025063	-77.87284088	16.39311600
ɥ	26.50222397	-34.08963013	-63.00392532	29.77653503
ɦ	20.84630966	-32.66382217	-16.69692802	84.00064087
ɧ	0.06563109	-43.62236023	39.45261765	89.80363464
ɨ	69.81069946	-25.14500237	-75.86400604	6.27506924
ɨː	70.49637604	-26.83487129	-76.78825378	5.87353039
ɨ̃	58.28928375	-41.89275360	-51.05667496	-10.36160374
ɨ̃ː	58.95819855	-43.80676651	-51.84968185	-10.60871410
ɪ	20.95227432	-59.13537216	-101.39044189	8.63144588
ɪː	21.65134239	-60.95342255	-102.21998596	8.27465153
ɪ̃	13.29201031	-71.58826447	-75.96895599	-9.84380436
ɪ̃ː	13.80955601	-73.57333374	-76.81639862	-10.70882130
ɪ̈	73.70303345	-37.38727951	-75.50992584	17.57502365
ɪ̈ː	74.35712433	-39.07176590	-76.13244629	17.48721695
ɪ̈̃	63.21607590	-53.20035172	-52.77454758	-2.68576908
ɪ̈̃ː	63.86476898	-55.05423355	-53.62977600	-2.98394680
ɪ̥	15.74645710	-54.52388763	-85.24078369	5.94260502
ɪ̯	25.96227646	-57.77971268	-103.71079254	19.09678268
ɬ	-18.92240906	-45.14952469	15.54950428	77.80348969
ɬʼ	-16.20529556	-50.47651672	-0.11517873	90.14762878
ɬ̪	-17.25265694	-32.78342819	17.38321877	69.08448029
ɬ̪ʼ	-16.58374977	-38.00664139	2.37275052	80.02329254
ɬ̼	-18.55560684	-44.70210648	16.92162895	75.99801636
ɭ	23.66053391	-58.20688248	-66.03053284	75.89898682
ɭ̊	16.93104935	-51.55877686	-54.60391617	61.62978745
ɭ̩	19.02461243	-57.25592422	-63.45555496	70.64901733
ɮ	-8.53068066	-76.55412292	-17.55830383	110.78662872
ɮ̼	-7.40526199	-76.36510468	-16.19666290	109.10391235
ɯ	69.02819824	-25.40561295	-75.41144562	7.49308300
ɯː	69.55455017	-26.74830627	-76.35816956	6.76355648
ɯ̃	57.50934982	-39.96699905	-51.75352859	-10.72591114
ɯ̃ː	58.02888107	-41.68131638	-52.55425644	-11.18715858
ɯ̤	64.73632812	-20.98497772	-62.85195541	6.86703968
ɯ̥	63.46054077	-21.22977448	-58.56142426	7.69206429
ɯ̥̃	52.77128220	-41.09574509	-41.81527328	-15.13378429
ɯ̯	74.68826294	-21.71683693	-76.46508789	17.13703346
ɯ̽	73.07971954	-36.43632889	-74.05755615	18.37448120
ɯ̽ː	73.68344879	-38.15664673	-74.70574951	18.34528160
ɯ̽̃	62.07342911	-53.09349442	-52.24614334	-1.90294755
ɯ̽̃ː	62.72211838	-54.94737625	-53.10137939	-2.20112514
ɰ	72.02937317	-39.31915665	-73.63481140	28.90468407
ɱ	-8.77828121	-118.98340607	-1.82404482	106.40698242
ɱ̊	-13.25253296	-105.19096375	11.18615627	100.41810608
ɲ	-3.26889634	-76.03408051	32.17533493	74.21949768
ɲː	5.56422710	-110.05194092	2.65774560	107.66239929
ɲ̊	0.42590541	-94.18586731	14.85699558	100.52941895
ɲ̍	1.19450688	-102.36417389	1.66424978	95.11524963
ɳ	6.80673122	-112.88477325	1.28164804	107.48069763
ɳ̊	2.35036111	-100.50164032	11.40130615	97.68307495
ɳ̍	2.05593991	-106.46899414	2.72060513	97.40753174
ɴ	37.77947617	-117.10073090	17.90052223	116.13078308
ɴ̥	29.12448311	-102.56685638	33.35497284	109.65101624
ɴ̩	32.26547623	-112.74066925	16.62447739	101.17623901
ɵ	69.22001648	-8.11805439	-78.97765350	-13.03280830
ɵː	70.13419342	-8.43832493	-79.92708588	-13.75072193
ɵ̃	57.06908798	-25.03135109	-57.43918991	-25.06632614
ɵ̃ː	57.27057648	-26.72579384	-58.37542343	-26.27501869
ɶ	14.03470230	-17.44815254	-85.76515198	-27.33234787
ɶː	13.60031891	-17.81876564	-87.07460022	-28.25963402
ɶ̃	12.92866135	-25.95759964	-63.48045731	-34.57423782
ɶ̃ː	14.06250286	-27.53289413	-64.87008667	-36.11008835
ɸ	21.13789177	-45.38315201	43.14125443	94.35842896
ɹ	14.89603329	-54.82545853	-68.98886871	31.02336502
ɹ̠	37.60810852	-38.41257858	-44.15746689	39.81771469
ɹ̩	9.78682232	-55.88647461	-66.21179962	21.15138435
ɺ	-1.08420825	-87.35781097	-38.53564835	91.90798187
ɻ	28.78817940	-42.41817474	-65.44535828	29.19641876
ɽ	18.66082764	-97.82170868	-33.66823578	98.13689423
ɽʱ	16.33065414	-88.07560730	-24.18220139	91.05468750
ɾ	4.73873615	-110.12503815	-37.07549286	100.14225769
ɾ̥	-2.40762591	-97.92674255	-23.80613518	89.40994263
ɾ̼	3.60017323	-109.53733063	-33.33723450	100.05314636
ɿ	68.76181793	-23.06698418	-70.34011841	7.83783054
ʀ	63.19440079	-83.00147247	-53.93520737	70.20693207
ʀ̥	55.31967545	-71.03072357	-37.05987167	63.93748856
ʁ	37.85132217	-83.03763580	6.98009443	136.00067139
ʁ̞	62.89556885	-45.89777756	-42.84624863	52.39230728
ʁ̥	28.68095207	-69.06499481	25.41779518	130.61068726
ʂ	-4.76608801	-59.00494003	25.97636414	101.33410645
ʃ	-6.43043375	-52.08554077	30.73107719	95.75791931
ʃʲ	-8.78415966	-46.35802078	35.41156006	98.77064514
ʃʼ	-4.32008362	-56.72280121	14.67572975	108.29130554
ʄ	0.05550927	-59.51518631	-7.81157732	113.04225159
ʅ	69.83250427	-23.43438148	-70.75202179	7.21312046
ʇ̼	-4.63443089	-85.11339569	-15.33878803	120.58674622
ʈ	-6.02773714	-55.22097397	22.40440750	100.10112000
ʈʂ	0.79992789	-102.74244690	24.39896584	46.90173721
ʈʂʰ	3.55394101	-108.69403839	12.13686275	65.64348602
ʈʂː	9.79442692	-131.98348999	2.87870812	91.96010590
ʈʂ’	2.25946164	-105.44696808	11.33957863	63.32748032
ʈʰ	-2.76744485	-62.89828491	7.37984705	113.78543091
ʈʰː	-1.84661460	-65.06183624	8.10574436	114.97415924
ʉ	67.81797791	-7.43342352	-77.51087952	-11.31243896
ʉː	68.73214722	-7.75369596	-78.46031952	-12.03034878
ʉ̃	55.20793915	-26.29952240	-55.12997818	-22.70192719
ʉ̃ː	55.42899704	-27.97596169	-56.06429291	-23.85583305
ʊ	72.23535919	-10.17113304	-80.08688354	-10.86883545
ʊː	73.21934509	-10.42639828	-80.93394470	-11.65729141
ʊ̃	60.82435608	-24.80350494	-59.08520889	-23.84706306
ʊ̃ː	61.04780197	-26.28514290	-60.15193558	-25.19947433
ʊ̈	73.00460052	-9.73517990	-80.53132629	-12.26917839
ʊ̈ː	73.98859406	-9.99044609	-81.37840271	-13.05763531
ʊ̈̃	61.31280518	-24.77893066	-59.42965317	-25.96343231
ʊ̈̃ː	61.51684189	-26.47102928	-60.36563873	-27.16499329
ʊ̥	66.16990662	-8.06913853	-64.35151672	-6.75254154
ʊ̯	76.56625366	-7.37843704	-80.88426208	-2.33978558
ʋ	12.61126804	-46.48540878	-66.55448151	31.59571075
ʌ	74.22903442	-37.64895248	-75.57900238	17.96799088
ʌː	74.83276367	-39.36927032	-76.22720337	17.93879890
ʌ̃	63.30055237	-54.53719711	-54.12578964	-2.77480602
ʌ̃ː	63.94924545	-56.39107513	-54.98102188	-3.07297802
ʌ̆	73.62532043	-35.92863083	-74.93080139	17.99718666
ʌ̤	69.30018616	-31.58207512	-63.35247803	15.55613899
ʌ̤̃	58.33863449	-48.37213135	-41.74707031	-4.98893070
ʌ̯ː	79.89294434	-36.62210846	-76.63874817	30.11985779
ʍ	24.14757347	-3.31312299	-1.25381505	11.87932968
ʎ	11.18007183	-24.73728371	-40.78612900	37.55696487
ʎ̥	17.44214630	-44.17491913	-62.71376419	56.42087555
ʏ	23.78771973	-30.56592941	-104.14739990	-16.47867012
ʏː	24.31287003	-31.77969933	-105.06819916	-17.45202637
ʏ̃	19.76134300	-42.12231445	-79.02963257	-29.18697739
ʏ̃ː	20.00424194	-43.48202133	-79.95655060	-30.70624733
ʐ	7.53071880	-92.54397583	-5.48154783	134.50189209
ʑ	5.83661938	-93.26108551	-3.64016223	132.12109375
ʒ	5.15052509	-85.46613312	-0.35449472	128.83139038
ʒ̊	-3.13796782	-70.78926849	14.58082104	122.32678223
ʒ̍	-0.36347371	-81.10607147	-1.63053954	113.87683868
ʔ	7.17274094	-15.50953674	10.25933647	82.90013123
ʔh	3.93846464	-38.49245453	32.14630890	41.84460831
ʔʲ	-5.59646320	-5.02010012	12.29271889	59.25645447
ʔʷ	1.34380221	-0.55448192	18.23052597	52.46941757
ʕ	34.68373108	-81.54213715	8.12049580	131.85700989
ʘ	23.56760788	-47.48149872	39.56075668	97.49641418
ʙ	58.26261139	-75.32720184	-47.48021317	65.35648346
ʙ̥	50.60737610	-62.07360458	-31.82007790	57.68793106
ʙ̩	53.09597397	-72.91686249	-44.78813934	55.68063736
ʛ	37.96623230	-70.55458832	11.39332676	132.11581421
ʛ̥	29.14784241	-56.20340347	27.74391365	125.95231628
ʜ	51.47175217	-69.57102966	-34.64081192	60.82312775
ʝ	4.66444683	-73.91545868	-8.53592777	126.52076721
ʟ	56.77918625	-67.65400696	-47.82797241	83.14869690
ʟ̥	50.09428406	-56.82609940	-36.68288803	69.65653229
ʡ	30.44256401	-74.86786652	22.95442772	140.29006958
ʢ	59.35816956	-81.42852020	-51.58560181	67.01608276
ʮ	65.05948639	-7.66833115	-72.60271454	-10.07843018
ʯ	65.86859131	-7.19527054	-72.98871613	-11.51904297
ʰk	24.98114586	-57.98255539	46.90084076	125.73746490
ʰp	21.17978096	-54.84635544	44.33320236	114.71820068
ʰt	-21.64823723	-66.60041046	21.84202003	106.61819458
ʰtʰ	-17.95875931	-73.69944000	5.93118429	121.86659241
ʰt̪	-21.46917725	-52.26378250	22.05761528	97.64306641
ʰt̪ʰ	-19.93204880	-58.60820389	6.17750502	112.09853363
ˀŋǀ	-9.00601578	-106.48283386	-2.19844604	91.62820435
ˀŋǁ	34.97822952	-86.89321136	14.47654629	96.74525452
ˀŋǂ	5.37623501	-104.30872345	2.52821660	99.46773529
ˀŋǃ	-6.88177013	-121.28713226	-1.14365637	102.69781494
ˀŋǃǃ	6.34559155	-108.95671844	3.16075540	100.90629578
ˀŋʘ	40.12710571	-106.63514709	18.03495026	107.27104187
β	35.39365005	-75.77132416	8.53554249	127.27598572
βʷ	34.35399628	-41.32378387	2.84242845	92.31600952
β̞	57.76232147	-38.94524002	-36.75067139	47.07641220
θ	-22.48698235	-45.30219650	20.14715767	83.78860474
θː	-21.62139893	-47.54144669	21.03068733	84.99874878
θ̼	-19.07727051	-59.14496994	19.25606537	91.75517273
χ	24.08439636	-51.35538864	44.27856827	104.37110138
χʷ	19.06878662	-22.70276642	40.77540207	73.30625153
χʼ	23.51084900	-55.51198196	29.78547478	116.58781433
ᶑ	1.97676396	-66.85694122	-7.80218554	111.60184479
ⁿb	40.40444946	-80.33706665	5.85948038	139.77091980
ⁿd	-6.97015667	-96.34677887	-18.39178276	129.75796509
ⁿdʒ	22.87895966	-114.51796722	4.93091726	78.22260284
ⁿd̪	-12.12705231	-79.78957367	-19.11273766	118.73056030
ⁿd̼	-6.98003864	-95.42874908	-16.24310112	128.79655457
ⁿg	41.99307632	-88.15779877	5.45622587	149.22772217
ⁿgǀ	-7.67848301	-68.33901215	-17.76912880	108.18074799
ⁿgǁ	33.71307373	-56.26269531	-3.37062430	114.51185608
ⁿgǂ	6.71772671	-62.56383514	-14.60465717	119.52708435
ⁿgǃ	-10.29004669	-106.15814209	-2.72705054	90.14812469
ⁿgǃǃ	8.90412235	-69.96395111	-14.73523426	118.11334991
ⁿgʘ	40.80633545	-69.69731903	4.86050844	129.16427612
ⁿk	28.07310104	-56.72082901	42.82061005	117.43931580
ⁿkʷ	21.44566154	-29.25483513	38.55620956	84.90961456
ⁿp	24.67136574	-52.80424500	40.33099747	106.51915741
ⁿt	-20.19454002	-64.88111877	18.51376915	98.28120422
ⁿtʃ	-0.75703508	-94.23931122	26.83288574	36.42895889
ⁿt̪	-20.83739471	-50.08818054	18.52679253	89.68733215
ⁿɟ	4.65294266	-76.54144287	-14.56331921	129.46861267
ⱱ	2.99234891	-103.39887238	-37.11790466	97.49534607
